ADAL,14,VB1,FLPR,AWAL,URXL,URBL,AIAL,PVPL,ADLL,RMGL,ADFL,RICL,ASHL,BDUL,ADEL
ADAR,16,ADLR,PVR,URYVR,ADER,ASHR,RMGR,RICL,URXR,AIAR,URBR,RICR,RIR,URAVR,ADFR,FLPR,RIMR
ADEL,5,ADER,IL2L,FLPL,RMDL,SIAVL
ADER,10,FLPR,RMDL,ADEL,IL2R,OLLR,RMGR,FLPL,URBR,ALNR,AVM
ADFL,9,URXL,RIGL,RIR,AUAL,ASHL,AIAL,ASIL,AIZL,AWBL
ADFR,15,RIH,AVHL,ASHR,ASEL,PVPR,AIYR,URXR,RIAR,BAGL,AWCR,AIMR,RIR,AWAR,AWBR,AIZR
ADLL,9,RIGL,SDQR,ASHL,RMGL,ADAL,AIAL,ASER,HSNL,ADFL
ADLR,17,ASER,AIAR,HSNL,RIFR,SMBVR,AVHR,PVCL,SIBVR,URXR,ASIR,AIBR,ASKR,IL2VR,RICL,CEPVR,ASHR,URBR
AFDL,9,AINR,AWCL,AIZL,ADFL,ASER,AWAL,AFDR,AIYL,CEPDL
AFDR,9,AWAR,RIGR,AIYR,ASEL,ADFR,ASER,AINR,RIR,AINL
AIAL,22,AIZL,AWCR,PVQL,ADAL,ASHL,AWBL,HSNR,AVFR,ADLL,ASKL,AIML,ASGL,PVQR,AWCL,ASEL,ADFL,ASIL,ASKR,HSNL,ASIR,AINR,ASER
AIAR,14,ASHR,AIMR,PVQR,ADLR,AWCR,ASGR,ASIR,AWAR,AIBR,AINL,ASER,ASKR,AWCL,AIZR
AIBL,31,FLPL,AIYL,RIMR,ASGL,ADLL,AIZR,ADFL,SDQR,BAGL,SAADR,ASIL,RIML,SAADL,ASKL,AWCL,RIBR,AIZL,PVT,RIGR,ASEL,AFDL,RICR,ASHL,HSNR,ASER,AIAL,AWCR,ADAR,SAAVL,ADAL,AINR
AIBR,31,AIAR,RIML,SDQL,AUAL,AVBR,AWCL,RIGL,VB1,RICR,ADFL,ASIR,ASGR,RMGL,ADAL,ASKR,SAADR,SMDVR,AWCR,AWBL,RIBL,AIZL,FLPL,ADLR,RMHR,ASER,AIZR,ADAR,ASHR,SAAVR,ASEL,PVT
AIML,8,RMGL,AVFR,AIAL,ALML,SMBVL,ASKL,URXL,AVFL
AIMR,7,URXR,AWBR,RMGR,PVQR,HSNL,ASKR,RIR
AINL,7,CEPDL,AIYR,AUAR,AVJL,BAGL,RIBR,AINR
AINR,3,AFDL,ASGL,AUAR
AIYL,12,AFDL,ASEL,AWBL,AWCL,AWAL,AUAL,ASER,ASIL,RIH,AWCR,AIYR,BAGR
AIYR,12,ASGR,ASEL,ADFR,AFDR,RIH,AWCR,AIBR,ASIL,ASER,AWBR,AUAR,AWAR
AIZL,22,RICR,URYDL,RIAL,ASER,SMBDL,ADFL,AUAL,RIR,ASHL,RIFR,AWAL,AWCL,AIAL,RIGL,AIYL,ASIL,AWBL,ASEL,HSNL,HSNR,RIH,URXL
AIZR,18,RIH,RIR,AWAR,SMDDR,HSNL,AVER,AIBL,AIYR,RIBR,DVA,AUAR,ADFR,RIGL,AWBR,BAGL,RIGR,AIAR,HSNR
ALA,5,AVDR,AIMR,ASJL,ASKR,ADLL
ALML,11,SDQR,SDQL,BDUL,PVNR,SIADR,RIFL,CEPDL,AVJR,ADEL,AVEL,AIML
ALMR,3,URXR,RMGR,PVR
ALNL,4,RIGL,SMBDR,SMDDR,SMDVL
ALNR,9,SIBVL,RIGR,SAAVR,RMGR,SMDVL,SIADL,SMBDL,ADER,SMDDR
AQR,9,BAGR,PVPR,AVHR,PVCR,RIR,AIBR,SIBDL,PVPL,RIAL
AS1,10,AVEL,AVBR,VA7,AVAR,VA6,VD2,PVCL,DB1,DA1,AVER
AS10,8,AVDR,AVFL,VA12,AVAL,AVDL,DB7,AVBL,AVBR
AS11,8,VA12,AVDR,PHBL,AVAR,DA9,AVDL,DB7,AVAL
AS2,9,VA8,AVER,DB1,AVAR,AVAL,DA2,VA6,PVCL,VA7
AS3,5,DB2,AVBR,VA8,AVER,VA7
AS4,9,AVAR,AVAL,DB3,AVDL,DB2,DA3,AVBR,AVBL,VA8
AS5,6,DB3,AVBL,AVAL,AVAR,HSNR,VA8
AS6,4,VA9,DB4,VA10,AVAR
AS7,6,VA9,DB5,VA11,AVAR,VA10,AVAL
AS8,6,VA12,DB6,AVAL,VA11,DB5,AVAR
AS9,5,DB6,AVAL,AVAR,VA11,VA12
ASEL,13,AFDL,AIZL,ADLL,AIYR,AWBL,AINL,AWAL,AFDR,AINR,AWCR,AIAL,ASER,ASIR
ASER,21,PVQR,ASKR,AWAR,AIYL,AWCR,AFDR,AINR,ASIL,AIZR,ASGR,AIYR,AIAL,ASIR,AIAR,AWCL,ASEL,AFDL,ADLR,ASKL,ADLL,AWBR
ASGL,7,RIVL,AINR,AWAL,ASIL,ADLL,AIML,AIAL
ASGR,11,AWBR,ASIR,AINL,AWCL,AIYR,AIAR,ASKR,AIMR,AWCR,AWAR,CEPVR
ASHL,10,AWAL,RIR,AIBL,AIAL,HSNR,ADLL,HSNL,AWBL,URXL,RMGL
ASHR,17,RIFR,PVPR,ASER,RMGR,PVCL,AVFR,ADAR,AVJL,AWCR,AIBL,AVHL,ADFR,AWBR,ASIR,ADLR,RIR,HSNL
ASIL,5,AINL,AWAR,AWCL,URXL,AWCR
ASIR,4,ADER,SAAVR,AIAR,AWCR
ASJL,7,RIVL,AIML,PVQL,PVQR,ASEL,ASKL,AIAL
ASJR,4,ALA,HSNL,ASJL,AIMR
ASKL,9,AIML,AIAL,PVQL,ASGL,HSNL,ASHL,ASIL,ASER,ASJL
ASKR,6,PVQR,ASJR,ASJL,AVHR,AIMR,HSNL
AUAL,7,AINR,RIR,URXL,RIBL,ADFL,AIBR,IL2DL
AUAR,9,AINL,URXR,RIBR,RIH,RIAR,AINR,ADFR,BAGL,AWAR
AVAL,59,AIBL,SAADL,LUAL,ADLL,SAADR,AVBL,RMGR,AVJR,PVCL,RICL,LUAR,RIMR,AVFR,FLPL,IL2VR,ADAL,AUAL,ADER,AVBR,ALNR,SDQL,AVHR,PVCR,AVDR,RMGL,AVDL,OLQVL,PVPR,FLPR,AVAR,VA2,SMBDR,PQR,AWCL,URXL,SAAVL,PVDL,BAGR,URYVR,ADEL,SDQR,SIADR,AVEL,RIBL,PHCL,PHBL,PVNL,VA12,PVPL,ASHL,RICR,PVDR,PHBR,AVER,AVG,RIML,PVNR,RIAL,AQR
AVAR,53,ADLL,VA4,URXR,ADEL,RICL,AVJR,ADAL,AVEL,PVCR,PHBR,FLPR,AVHL,ASHL,SDQL,RIAR,PVPL,ADAR,VA6,AQR,SAAVR,ASHR,SAADR,AVBL,AVDR,ADER,RMHL,PHBL,PVCL,PVDL,RIBR,AVDL,AIBR,PQR,PVDR,AVBR,RICR,AUAR,RMDVR,SMDVR,LUAL,FLPL,RIML,ALA,ADLR,LUAR,AVAL,PVPR,BAGL,AVER,AVJL,AVG,PVWR,AIMR
AVBL,43,RMGR,PVR,SAAVR,ADLR,AVJR,ADAL,AVFL,AQR,AVAR,ADLL,URYDR,RIBR,PVPR,SDQR,PVCR,AVFR,URXR,AVHR,SDQL,FLPR,AVAL,AVBR,RIMR,URYVR,ADAR,RIFR,AVM,AVJL,RIFL,PVPL,AWBL,AVDR,AIBL,ASHL,VC3,AVKL,RIML,URXL,FLPL,PVCL,AVG,AVHL,URBL
AVBR,47,AVHL,AVBL,AVHR,SDQR,RIBL,SAADL,AVJR,RMGL,ADAR,DVA,SMBVL,PVPL,ADLR,PVQR,URXR,IL2DL,RIFR,URYVL,FLPR,AVG,HSNR,AVAR,PVCR,PVPR,AVJL,SDQL,AWBR,AVFL,ASHR,RIPR,PVNL,PVCL,RIMR,AVFR,BDUR,AIBR,PVR,ADAL,PVNR,VC4,AVM,AQR,FLPL,RIML,RMGR,URBR,RIFL
AVDL,38,PVDR,URBR,LUAR,AQR,ADLL,RIGR,AVG,PVCR,AVER,PQR,FLPR,AVEL,ASHR,PVNR,ASHL,SDQL,PVCL,LUAL,AVDR,AVBR,PVDL,ADLR,PVNL,RMGR,PHBL,AVAL,AVHL,AVM,AIML,ADEL,ADAR,AVJL,ADAL,PHBR,VA4,AVAR,AVJR,FLPL
AVDR,43,DVA,PHAL,PVNR,ASHR,ALA,AVBL,URYVL,AUAL,PHBR,PVWR,AVAL,PHBL,RIBL,ADLL,AVJR,ASHL,ADAL,OLQVL,ADAR,PVPL,PHAR,LUAR,FLPR,PVDL,AVDL,LUAL,AIMR,ADLR,ALML,AVG,PVCR,PVNL,PQR,HSNR,AVER,AVAR,AVHR,ADER,FLPL,PVCL,AQR,AVM,URXL
AVEL,40,PVNR,URYVR,SMDDL,CEPDR,AIZR,IL1R,RIBL,AIBL,AUAL,AIZL,ADAL,AVER,IL2L,ALML,URXL,AIBR,AVAL,FLPR,ADAR,URYDL,ADEL,RIGL,RIBR,OLLR,RMGL,AVDL,URYDR,VB2,CEPVR,VD2,AVKL,BAGR,RIR,ALA,BAGL,AVJL,PVCL,PVCR,SDQL,URYVL
AVER,42,HSNR,PVCL,IL2R,BAGL,AUAR,VA4,AVBR,CEPVL,ASHR,SMDVR,AIZL,URYVL,AVKL,IL1R,RIGR,FLPR,AVDR,PVCR,RIBL,SMDDR,SMDDL,AVBL,URAVL,AVAR,ALA,RMGR,IL1L,AVJR,URYDL,RIML,ADER,RIGL,AVAL,URYDR,OLLL,AVG,RMDDL,RMDVL,AIZR,URXR,CEPDL,RIBR
AVFL,15,VC1,AIML,VC5,PHAL,HSNR,HSNL,AVFR,AVG,AVHR,ASHL,SMBVL,PVDL,AIMR,RIFR,AVHL
AVFR,11,AIML,AVHL,SIADL,HSNL,AVFL,AVHR,AIMR,RMGL,HSNR,VC5,PVQR
AVG,12,PVNL,VB4,VC6,PHAL,PVDL,PVCL,PHBL,AVFR,AVFL,PQR,PHAR,PVPR
AVHL,15,PHAL,HSNR,AVFR,AVFL,ASHR,PVCR,ADFR,AVM,SMBVR,PQR,AVJL,AIML,ADEL,AVHR,PVPR
AVHR,17,AVFR,AIMR,PHCR,AVFL,SMBVL,ASHL,PVPL,PHCL,AWBL,PVQL,AVHL,VC4,PHAR,AIML,HSNR,RIFL,PHAL
AVJL,25,AVFL,PVPR,AVG,PVNR,PVNL,RMGR,HSNR,ADAR,AVBR,ADLL,FLPR,RIMR,RIFR,AVFR,AQR,LUAL,PVR,PVCL,AVJR,HSNL,AVDL,VC3,ADLR,AIML,AVHL
AVJR,25,AVHR,AVG,AVJL,PVR,AVDR,ADAL,AIMR,AVBL,URXL,LUAL,PVCL,AVHL,URYVL,LUAR,ADER,PQR,FLPR,SMBVL,RIFL,PVNL,ADLR,PVNR,ADLL,RIFR,AVM
AVKL,9,RMFR,AVM,RIGR,PVM,RMFL,AVKR,RIMR,PVT,PVR
AVKR,11,RIGL,RIGR,PVT,RMFR,RMFL,RIML,AVL,RMDR,RMDL,AIZL,RICR
AVL,14,VC6,AVFL,PVQR,PVNR,PVT,PVNL,URYVR,VC3,ADEL,IL1VL,VC1,PVPR,AVBL,PVCR
AVM,3,AVKL,PVM,AVJR
AWAL,4,PVQL,AIYL,ADLL,AWBL
AWAR,11,ADFR,ASHR,ASIL,ASKR,HSNL,AIZR,PVQR,ASIR,ASER,AIAR,AIYR
AWBL,9,HSNR,AWAL,AVHR,ADFL,ASHR,ASEL,AFDL,HSNL,ADLL
AWBR,8,URXR,RIFR,HSNL,AWAR,AIYR,AVHL,ADFR,RIR
AWCL,12,AIYL,AINR,URYDR,AIAL,ADLL,ASEL,AIAR,AWBL,ASIL,ASER,AWCR,ASIR
AWCR,14,AIBR,ASIR,ADFR,AIYL,ASEL,AIZR,ASIL,ADLR,AIAR,AWCL,ADFL,AIZL,ASER,AIAL
BAGL,9,AQR,RIH,AUAR,RIGR,ADFR,RIBR,RMFL,BAGR,AINL
BAGR,12,RIH,RIBL,BAGL,AIYR,URXL,AINR,RIGL,AUAL,RIAL,AQR,RIR,IL2VL
BDUL,6,ADEL,PVNL,ALML,PVNR,AVM,AVKR
BDUR,7,HSNR,CEPDR,ALMR,AVM,PVNL,AVHL,AIMR
CANL,0,
CANR,0,
CEPDL,20,RICR,RIS,URBL,ALML,AIML,RMDVL,SIBDL,PVNR,RIH,RIAL,SIADR,AINR,URXL,OLLL,OLQDL,ASJL,RICL,AVER,RMGL,ADEL
CEPDR,10,RICR,URYDR,URXR,CEPDL,CEPVR,ALMR,IL2DR,OLLR,URBR,ADER
CEPVL,12,ALML,URYVL,RIH,URAVL,RMDDL,RMDL,RICL,RIBL,OLLL,RIAR,SMDVR,RMHR
CEPVR,18,ASKR,SMDVL,BAGL,AINL,RIH,PVR,BDUR,ASIR,SMBVR,OLLR,ADLR,ASIL,RIFR,ADER,ALMR,AIMR,URBR,URYVR
DA1,9,AVDL,AVDR,DB1,AVER,AVEL,AS1,AVAL,AVAR,AVM
DA2,12,AVEL,VA1,DVA,RID,AVDR,AVER,AVAR,AVAL,PVCR,AVDL,DB1,DB2
DA3,11,AVER,AVAR,AVDL,AVBR,DA2,DB2,AVAL,AS4,AVEL,AVDR,AS3
DA4,10,AVAL,DB2,PVCR,AVDL,AVDR,DA5,DA3,DB3,AVAR,AVBR
DA5,14,PVCL,PVR,DB4,DD3,PVCR,AVBL,HSNR,AS6,DB3,DA6,AVAL,AVDR,AVAR,AVDL
DA6,4,AVAR,HSNR,DA7,DB5
DA7,7,PVCR,AVAL,AVBR,AVAR,DB5,DA8,AVBL
DA8,15,DA9,PHAR,AVDL,DB6,DB5,PVQL,AVG,PHBL,PQR,PVCL,PHAL,VA12,AVAR,AVAL,AVDR
DA9,9,DB6,PHCL,AVAR,DB7,VA12,PVR,PHCR,PDA,AVAL
DB1,6,AVDR,DA2,DA1,RID,AS2,AS1
DB2,6,AVAR,PVR,PVCR,PVCL,DA4,AS4
DB3,8,PVCR,PVR,PVCL,AVER,AVEL,DA3,AVAR,PVNR
DB4,8,AS6,PVCR,PVCL,PVR,AVBR,DA5,AVDR,VC2
DB5,1,DA6
DB6,1,DA7
DB7,7,DA9,DA8,PQR,PVR,AVAL,VA12,PVCL
DD1,21,DB2,DB1,AS1,FLPL,DA1,VB2,VA2,AS2,VD3,SAAVL,VC3,PVNL,VC1,VA1,DA2,VA3,PVQR,AS4,VC2,AVHL,VB1
DD2,16,VC3,PVNR,VA3,AS4,DB3,VA5,DA3,VB3,DB2,VC1,DA4,VB4,VA4,VB2,VC2,PVPR
DD3,12,VB5,DA6,VB4,DB4,VC1,VC2,DA5,DB3,VA6,VA5,VC3,VA7
DD4,7,VA8,DB4,VA7,VA9,DA8,VB6,DA7
DD5,10,DB3,DA8,VA8,DB4,VB7,VB9,PVDL,VB8,VA9,VA10
DD6,19,VB10,DB4,VA10,VA11,VA9,AS11,VB9,VB11,VC6,PDB,PVQR,VA12,DA9,VD13,VD12,VB8,PVQL,PDA,VD11
DVA,27,FLPR,PHAR,PHCL,PDEL,SDQL,DA9,AVHR,SDQR,AIBR,PVCR,RIR,AVBL,PVR,PDER,AIZR,PHCR,RIGR,AQR,PVCL,AUAL,AIZL,AVKL,PVM,FLPL,PVDR,PHAL,RIGL
DVB,2,AVFL,AVL
DVC,15,AVL,VC5,PVPR,RIGR,RMFL,VC2,URAVL,AVG,AVDR,PVT,RIBL,IL2VL,RMFR,VC1,AVDL
FLPL,7,PVCR,AIBL,SDQL,RID,ADER,ADEL,FLPR
FLPR,5,AVJR,ADER,FLPL,DB1,DA1
HSNL,14,AWBL,ASKR,AVFR,PVQL,AWBR,ASHL,AIMR,ASHR,RIFR,AVFL,RIR,VC5,HSNR,ASJL
HSNR,17,URXL,AWBR,HSNL,RIFR,ASHR,AIMR,VC5,PVPR,AVFR,PVQL,AVFL,AIYL,ASJL,AVBR,PVNR,VC3,ASJR
I1L,4,I3,MI,I2L,I5
I1R,2,I2R,I6
I2L,6,NSMR,I5,M1,I1L,I6,I2R
I2R,7,I6,NSMR,I1R,I4,I2L,I5,M1
I3,7,I1L,M2L,I5,I1R,I6,M1,MI
I4,10,I2L,M2R,NSMR,M4,I2R,M1,MI,I5,M2L,NSML
I5,10,I2R,M4,M2L,M1,I2L,I3,I1L,I1R,M2R,I4
I6,3,I3,NSMR,I1L
IL1DL,6,IL2DL,URYDL,URADL,SAAVR,CEPDL,URXL
IL1DR,10,CEPDR,URYDR,URBR,RMDVR,OLLR,OLQDR,IL2DR,PVR,RMDDL,URADR
IL1L,9,URAVL,RMDR,URBL,ADEL,IL1VL,RMDVR,RMDL,RMER,IL2L
IL1R,12,URBR,ADER,URAVR,IL1VR,RMDDL,RMDVL,CEPDR,RMHL,IL2R,RMDL,RMEL,IL1DR
IL1VL,6,CEPVL,OLLL,PVR,URYVL,URAVL,IL2VL
IL1VR,8,IL2VR,URAVR,PVR,SIADR,OLLR,CEPVR,URYVR,OLQVR
IL2DL,2,IL1DL,CEPDL
IL2DR,4,RMGR,ALNR,AIBL,IL1DR
IL2L,9,RIH,OLQVL,IL2VL,AWCR,URXL,IL1L,ADEL,SMDVL,SIAVL
IL2R,6,OLLR,ASEL,ADER,RMGR,RIH,URBR
IL2VL,1,RIH
IL2VR,5,URAVR,IL1VR,RMDVL,RIH,CEPVR
LUAL,7,PHCL,AVAL,AVDR,AVAR,PVNL,VA12,AVDL
LUAR,6,AVAR,AVAL,PHCR,PQR,PVWR,PVCR
M1,6,I5,I2L,I2R,I1R,MI,I3
M2L,7,I3,I1R,MI,I5,I4,I1L,M4
M2R,3,MI,I2R,I1R
M3L,11,I1L,M2R,M2L,I1R,I6,M4,I4,I3,I5,MI,NSML
M3R,10,I1R,M2R,M2L,I3,I2R,I4,NSMR,I1L,I5,NSML
M4,6,M3R,I6,I2R,I5,NSML,I3
M5,0,
MCL,6,I1R,MI,I3,I1L,I2R,M4
MCR,3,I1L,I1R,I3
MI,6,I5,M1,I3,I1R,I4,I1L
NSML,10,M3L,I5,I1R,M1,I6,I2L,I2R,I1L,I4,MI
NSMR,10,MI,I6,I5,I2R,I4,NSML,I2L,M2R,I3,I1R
OLLL,10,URYDL,CEPDL,URBL,ADEL,URYVL,SAADR,RMDL,CEPVL,IL1L,AVER
OLLR,18,CEPVR,RMGR,URYVL,CEPDR,SAAVL,URBR,IL1VR,ASEL,RMDR,ADLR,RIBR,IL1R,RMDL,ADER,IL1DR,SAADL,IL2R,RMEL
OLQDL,5,RIH,IL2L,CEPDL,IL2DL,URYDL
OLQDR,10,CEPDR,RIH,URYDR,URBR,IL2DR,RIPR,OLLR,IL2R,AIMR,RIPL
OLQVL,13,RIH,IL2L,RICL,URYVL,URXL,BAGR,CEPVL,IL2VL,RIGL,RMDVR,IL1VL,ADLL,RIPL
OLQVR,13,RIH,IL2VR,AWBR,IL2R,RMDVL,ADFR,SIBVR,RIGR,CEPVR,RIPR,URXR,IL1VR,ADLR
PDA,0,
PDB,1,LUAR
PDEL,1,PDER
PDER,3,DVA,PVCL,PVCR
PHAL,2,AVG,PHAR
PHAR,2,PHAL,PHCR
PHBL,5,PHAR,LUAL,PHBR,PHAL,PQR
PHBR,3,PHAR,PHBL,PHAL
PHCL,1,PHCR
PHCR,3,PHCL,PHBR,VA12
PLML,0,
PLMR,0,
PLNL,7,SMBVL,SAADR,SMDVL,SIAVL,SIBVR,SMDVR,SMBVR
PLNR,3,SIAVR,SMBVL,SMBVR
PQR,4,AVDR,LUAR,PVNR,PVNL
PVCL,30,AVAR,AVEL,PVDL,AVJR,PVPR,PVCR,PVWL,SDQL,PHCL,ADLR,AVG,PVNL,PVPL,PVM,PHBL,ASHR,VC2,AQR,PHBR,ALML,PQR,AVM,AVJL,PVDR,VA12,PVR,FLPR,AVAL,RIFR,AVDL
PVCR,29,LUAR,AVEL,AVM,PHCR,AVAR,AVG,AQR,PVWL,PVCL,PVPL,ALML,VB11,PVPR,PVDR,RIFR,PVM,AVFR,AVJL,AVDR,PHBR,VA12,AVAL,PQR,FLPL,ALMR,AVJR,PVNR,PVDL,AVBL
PVDL,5,PVPL,PVNL,PVCR,AVFR,PVDR
PVDR,4,DVC,PVDL,PVNR,PVCR
PVM,1,PVR
PVNL,8,AVAL,LUAR,AVFL,PQR,AVM,PHBL,AVG,LUAL
PVNR,13,PDA,HSNR,VC3,VC6,AVBL,AVM,VA11,PVNL,AVG,VB6,AVJL,VD6,AIMR
PVPL,14,SIBDL,PHAR,RIGL,AQR,RIFL,RIR,PVDL,AVKR,ADAL,DVC,SMBVL,PVQL,AVHR,RMGL
PVPR,16,AVBL,VC2,RIR,VC1,VC3,AQR,PVNL,HSNR,AVFR,PQR,DVA,RIFR,PVCR,AVHL,ADFR,ASHR
PVQL,9,AVKR,AVFL,AVFR,PHAL,AIAL,HSNL,AIML,PHAR,ASJL
PVQR,10,VC3,AVHL,AVG,PHCR,PHCL,PHAR,HSNR,ASJR,PVPR,VC2
PVR,13,PDER,LUAR,ADAR,CEPVL,IL1DR,PVNR,PVM,SMBVR,URBL,VC5,SMDVL,PVCR,AVM
PVT,16,PHAR,HSNR,VC2,PVNL,VC3,AVG,RIGR,RMFL,URAVR,VC1,AVEL,VB10,PVNR,VC5,VD11,PVWL
PVWL,6,VB11,PVNL,LUAL,VD13,PVNR,LUAR
PVWR,6,PVNL,LUAR,PVNR,PVWL,VB11,PVCR
RIAL,32,ADEL,ADLL,AIYL,SMDDR,BAGR,URXL,AIBR,AUAL,RIR,SMDVL,URYVL,IL2VL,SMDDL,CEPVR,RMDDL,ASHL,AWCL,AVAL,AWCR,AIZL,RMDL,RIML,RIBL,ALNL,ASIL,RMDR,AWBL,RIH,CEPVL,AQR,ADFL,SMDVR
RIAR,31,SMDDR,AUAR,CEPVR,ADER,AWBR,BAGL,RMDL,RIH,SMDVL,SMDVR,RIBR,AIYR,RIFR,ASEL,SMBVR,PVPR,ADFR,RMDR,AIZR,AQR,RMDVR,ALA,SMDDL,OLQVR,RIGR,URXR,ASHR,SAAVR,URYVR,IL2VR,RIR
RIBL,20,CEPDL,ADFL,CEPVL,OLLL,RIML,AINL,BAGR,AUAL,IL2DL,RIH,AIBR,URAVL,SMDDR,RIGL,AINR,URYVL,RIAL,URYDL,AIYL,ASIL
RIBR,18,RIGR,RMEV,RIH,RMFL,AIBL,AIYR,RIMR,OLLR,AUAR,AINL,RIAR,URYVR,SMDVL,RMDL,BAGL,BAGR,URYVL,URYDR
RICL,17,URXL,OLQDR,URBR,CEPDR,ADAL,SIBVR,RMHL,CEPDL,URBL,ALML,IL2DR,CEPVL,RICR,ADLR,CEPVR,IL2L,OLQVL
RICR,21,SDQR,AIBR,ADLR,RIML,RICL,OLQDR,OLQDL,RMHL,SDQL,AIZL,IL2DR,URXR,CEPDL,URBR,CEPVL,CEPDR,ADAL,OLQVR,ALML,CEPVR,URBL
RID,14,AS2,AVM,RMGL,URYVL,ADAL,DB1,PVCR,RMHL,PVCL,AINR,AINL,AIML,AVJR,BAGL
RIFL,10,AVFL,ALML,AIAL,AIML,HSNL,BDUL,RIFR,RMGL,ADEL,AIBL
RIFR,15,ASGR,CEPDR,ADAR,PVQR,AVJL,URXR,AIAR,ASKR,AIMR,HSNR,ADLR,AWBR,AWAR,AVFL,AVHL
RIGL,19,SAADL,PVPL,AIBR,URXL,ADFL,RIBL,ADEL,AVAR,AQR,BAGR,AWBL,PVT,RIR,BAGL,ADLL,AIZL,ADER,AVHR,AVKR
RIGR,14,BAGL,AWAR,RIR,ADFR,SABVL,ADFL,URXR,ADEL,RIBR,ADER,PVPR,AIBL,RMGR,PVT
RIH,24,IL2DL,IL2L,CEPDR,CEPDL,IL2VR,RIPL,RIBR,PVT,URADL,ADEL,OLQVR,IL2VL,RMFR,URAVR,RMEV,OLQDL,SMBDL,IL2R,RIGL,AIYL,ADFR,RIPR,URYVL,OLQDR
RIML,24,RICR,VB1,SAADR,RIFL,AVKL,SAADL,RIMR,HSNL,SAAVR,RMDL,ALNR,AIZL,AVKR,SAAVL,RIBL,RICL,AIBL,ASHL,AIBR,SMDDL,ADAL,HSNR,RIAL,SMDVR
RIMR,23,AVL,RIML,SAADL,SAADR,AVER,AIZR,SAAVR,SMDDR,AVKL,ADAR,RICR,AVHL,RMFL,RIFR,HSNR,AVKR,RICL,AIBR,SMDDL,SAAVL,AIBL,RIAL,RMDR
RIPL,15,PVR,RIH,ASHL,SAAVR,IL2DR,URAVL,IL1VL,ADLL,CEPDL,CEPVL,IL2DL,URADL,IL2VL,IL1DL,ADAL
RIPR,17,URADR,CEPVR,IL1DR,IL2DR,OLQVR,ADLR,RIFR,SDQL,IL1VR,RMEL,RIH,URXR,URAVR,ADAR,PVR,IL2VR,BAGL
RIR,20,PVPL,AQR,URXL,AIAL,ADFR,HSNL,AIYL,AVHR,AWAR,ASEL,URXR,ADFL,RIGL,ADLL,RMGR,AVHL,RIGR,RIAL,AWBR,ASHL
RIS,18,AVL,PVT,FLPL,RMFL,RMDL,SDQL,OLLR,URYVL,RIMR,CEPDL,SMDDR,SMDDL,RIBL,RIBR,RMEV,AVJL,PVCL,RMDR
RIVL,11,SMDDR,SMDVL,RMDL,RIVR,CEPVR,RICR,ADFL,AWCR,ADEL,AVKL,SMBDR
RIVR,11,ADEL,RICL,SMDDL,BAGL,RMGL,RIAR,AIYR,SMDVR,DVC,SAADL,ADAR
RMDDL,22,URYVL,RMDVR,RMDDR,URAVL,RMHL,IL1L,AVFR,URXR,IL1DR,SIBVL,IL1VL,RMDR,OLLL,RMEV,OLQDL,URYDR,RMGR,ALMR,OLQDR,CEPVL,IL1R,SMDVR
RMDDR,19,IL1R,URAVR,URYDL,OLQDL,URBL,RMDL,IL1DL,RIS,CEPVR,RMGL,ALNL,HSNR,RMDVL,URYVR,RMEV,IL1VR,SMDVL,OLLR,ALML
RMDL,23,RMGL,IL2L,OLLL,RIMR,IL1R,RMDR,RMFR,URYVR,IL1L,ADER,RIML,SIADL,ADEL,SIAVR,AVKL,SMBVR,IL2R,RMGR,SMDDL,OLLR,URBR,AVKR,RMHR
RMDR,25,ALA,AIMR,RMHL,RIBL,RMGR,RMFR,OLLR,SMDDL,RMDVL,IL1R,CEPDR,RMDL,SMDDR,URXR,RMFL,IL2L,SMBVR,RMHR,RIMR,RMGL,RIML,IL1L,URBR,ADER,AVKR
RMDVL,18,AINL,RMDR,URYVR,RMDDL,OLQVR,IL1DL,RIVL,IL1R,IL1L,RMDL,RMDDR,PLNL,IL1VR,CEPDL,URYDL,RMGL,OLLL,URAVR
RMDVR,19,URYVL,RMDVL,RMDDR,URAVL,IL1VL,RMDL,RMGR,OLLR,CEPDR,IL1L,SAADL,SMBVL,OLQVL,RIBR,IL1R,URYDR,CEPVL,RMDDL,IL1DR
RMED,14,SMDDL,SMDDR,SMBDL,IL2DR,URYDR,IL2DL,OLQDL,RIBR,OLLR,SMBDR,RMEV,SMDVR,IL2VR,RID
RMEL,12,URAVL,IL2DL,IL2VR,IL2VL,IL2DR,URAVR,IL1R,OLLL,URADL,OLQDL,IL2R,IL1DL
RMER,16,ADEL,URAVR,URAVL,IL2VR,RMHR,RMDL,IL1L,RIH,URADR,OLQVR,IL2L,OLLR,IL2DR,OLQDR,IL2DL,IL2VL
RMEV,18,URAVR,SMDDL,SMBVR,RMDDL,IL2VL,SMDVL,IL2R,RIS,URAVL,SMBVL,IL2DR,RMEL,IL2VR,IL2L,SAAVR,IL2DL,PVT,RIH
RMFL,12,AINL,SDQL,RIML,ASIL,RICR,AVKL,RIMR,PVT,SAADR,AVKR,AIBR,VB1
RMFR,9,RICL,RIML,RIMR,SAADR,AIBL,SAADL,PVT,SAAVL,RMDL
RMGL,20,RICR,RIGL,CEPVL,URXL,ADEL,RMDR,CEPDL,AVEL,ALML,RIR,AVKR,AVFR,AIML,ALNL,BDUL,RMHR,AIAL,PVQL,IL1L,SAADR
RMGR,14,ASHR,PVQR,AIMR,RIR,IL2R,ADER,HSNL,URBR,HSNR,URXR,SMBVR,SIBVL,AVER,CEPDR
RMHL,17,CEPDL,RMDDL,RIGR,IL1R,ALNL,RMGL,IL2DL,IL1VL,RMDL,RMHR,CEPDR,OLQDL,CEPVL,RMFL,OLQVL,ADEL,SDQR
RMHR,16,RMDL,OLQDR,CEPVR,SIBVR,RIVR,RMGL,RIGL,URBL,CEPDL,OLQVR,CEPVL,AVKR,CEPDR,ADEL,SDQR,RMER
SAADL,12,VB1,RMGR,AVKR,PLNR,RMGL,AIBL,AVKL,SABD,SMBVL,RIML,RIAL,AIBR
SAADR,10,SDQL,AVKL,SABD,PLNL,AIBL,SMBVR,RIML,AIBR,ADEL,SAAVL
SAAVL,15,ASIL,ALNL,RICL,AVKL,AIBL,RIMR,PLNL,VA2,VD1,SMBDR,RIML,AINL,SABVR,RMHL,VD5
SAAVR,9,SMDDL,AIBR,SMBDL,RIMR,SABVL,RIML,AVAR,ALNR,RMFL
SABD,11,SAADL,AVJL,AVHL,SAAVL,AVER,SAADR,PVR,AVDL,AVEL,AVDR,HSNR
SABVL,8,AVDL,AVAL,VC3,AVER,AVEL,AVDR,AVJR,SAAVR
SABVR,7,AVDR,AVDL,AVEL,AVER,AVAR,SAAVL,HSNR
SDQL,5,ALML,SDQR,AVBL,SMBDR,SIADR
SDQR,3,PVR,SIADL,SMBDL
SIADL,11,URBR,SMDDL,RMGR,SDQR,AIBR,URXR,RMGL,SIBDL,ALMR,AVKR,SMBDL
SIADR,13,RMGL,SDQL,URBL,SMDDR,SIBDR,ALNL,AIZR,IL2VR,SMDVL,ADEL,AIBL,CEPDL,SMBDR
SIAVL,10,SMDVR,CEPVL,RMDVR,URBL,RMDR,SIBVR,RMGL,PLNL,SMBDL,SMBVL
SIAVR,14,AVKL,SMDVL,SMBDR,CEPVR,SIBVR,RMDVL,SIBVL,RMGR,PLNR,URXR,AIBL,SMBVR,URBR,RIAL
SIBDL,7,OLQDL,IL1DL,RMGL,SMDDL,SAADL,SIADL,CEPDL
SIBDR,12,URBR,SAADL,CEPDR,SDQR,SMDDR,AIBL,SIADR,OLQDR,RMHL,SMDVR,RMDVR,RMDL
SIBVL,15,SAADL,AVM,URYVR,RMGR,SMDDL,OLQVL,SIAVR,SDQL,URBL,RIVR,URYVL,SMDVL,ADLR,PVCL,RMDVR
SIBVR,13,AIBR,AVKL,PVCR,OLQVR,URYVR,SIAVL,RMGL,RMDVL,URBR,URYVL,ADEL,CEPDL,SMDDR
SMBDL,15,ALNR,SMBDR,ADFL,SIADL,RIVR,URBR,AVHR,AWBL,RICL,CEPDR,SMBVL,AVKR,AIZL,SAAVR,SMDDL
SMBDR,20,AIZR,SMBVR,SAADR,RIAR,CEPDL,URYVR,ADEL,RMDVR,AVHL,ALML,URBL,SIADR,RIAL,ALNL,SAAVL,ADFR,SMDDR,SDQL,RICL,RICR
SMBVL,18,AIZL,AWBL,SMBDL,CEPVL,ADLL,SDQR,RMGL,PLNL,VB1,AVHR,PLNR,AIML,URBL,SIAVL,AVFL,SIBDL,ADEL,ADFL
SMBVR,16,RMDL,ADFR,SIAVR,URXR,SAADR,PVCL,PLNR,PLNL,AIZR,ADLR,RIAR,URBR,ASHR,AVHL,RMGR,CEPVR
SMDDL,22,SMDDR,RIS,RMED,SMDVR,AIBR,OLLL,RICL,URYDL,URYDR,SMBDL,RIBR,RIMR,RIML,SIBDL,OLLR,RMGL,SIADL,RICR,ALMR,SAAVR,RMHR,SIBVL
SMDDR,22,RICR,RICL,SIADR,RMED,URYDL,SMDDL,AIBL,CEPVR,RIMR,AIZR,AVKR,OLLL,SIBDR,RMGL,SMDVL,RMDR,SMBDR,RIML,RMDL,ALNR,OLLR,SAAVL
SMDVL,26,SAADR,URYVR,AWCL,DVA,RMFL,SIBVL,ALNR,RIML,OLLR,SIAVR,RICR,RIS,RIVL,ADFL,RIBR,RMEV,SMDDR,BAGR,PLNR,SAAVL,AIZL,AIBR,SMDVR,ADAR,RIMR,ALNL
SMDVR,20,RICR,ADER,RICL,SIAVL,RIMR,SMDDL,OLLL,PLNL,SIBVR,ADAL,AVAR,RIBR,URYDR,AIBL,AVKR,URYVL,SMDVL,OLLR,RIBL,CEPVL
URADL,4,IL1DL,PVR,CEPDL,IL2DL
URADR,4,IL1DR,IL2DR,CEPDR,IL2R
URAVL,8,ADAL,IL1L,IL2L,IL1VL,IL2VL,CEPVL,DVC,RMDVR
URAVR,7,BAGL,IL2R,RIPR,RIH,CEPVR,IL2VR,IL1VR
URBL,4,CEPDL,ADEL,IL1L,PVNR
URBR,8,ADLR,CEPDR,IL2R,RICR,RICL,ALMR,URXR,ADER
URXL,17,CEPVL,ADAL,URYVL,RIAL,ASHL,RMGL,DVA,PVNR,AIML,RIGL,URBL,AQR,RIR,ADFL,AUAL,IL2L,AINR
URXR,21,IL2VR,IL1R,CEPDR,RMGR,RMDL,URYDR,RIR,ADER,URBR,ADAR,PVPR,AUAR,AIMR,ADFR,BAGL,ADLR,AINR,RIGR,IL2R,AVER,RIFR
URYDL,7,OLQDL,RIBL,CEPDL,DVA,AIZL,URBL,OLLL
URYDR,5,URADR,IL1DR,CEPDR,RIS,ADAR
URYVL,6,IL1VL,OLLL,CEPVL,RMDVR,OLLR,RIS
URYVR,8,URAVR,CEPVR,AWBR,RIGR,ADFR,RIH,RIBR,RMDVL
VA1,7,SAAVL,AVER,VA2,AVAL,VB1,AVEL,FLPL
VA10,6,VB7,AVBL,VD10,AVAR,AVDL,AVAL
VA11,10,VB10,VA12,PVCL,VB8,PVNR,AVAR,AVAL,VB9,AVG,AVDR
VA12,11,PVDR,PHCR,PHCL,VB11,DA9,AVAL,PHBL,PHBR,AVDL,PVWR,PVNL
VA2,10,AVFR,AVM,AVER,SAAVL,AVAR,VB1,AVBL,AVAL,VB2,AVDR
VA3,11,AVAR,SAAVL,VB1,AVEL,AVBR,VB2,AVDL,AVER,AVAL,AVDR,VA2
VA4,10,VA3,AVER,SAAVL,AVBR,AVAL,VD4,AVAR,VB4,VB1,VB3
VA5,7,AVDR,VB4,VA6,AVAR,AVAL,VB3,AVDL
VA6,9,PVNR,VB5,DVA,AVAL,VD5,HSNR,AVG,VA5,AVAR
VA7,4,VB6,AVAL,AVAR,VD7
VA8,4,VB6,AVAR,AVAL,DVA
VA9,6,AVAL,PVDR,VB7,VD8,AVAR,VD9
VB1,11,RIML,ADEL,RICR,VD1,RIMR,AVFL,SMDVR,VD5,VA2,FLPR,AIBR
VB10,1,VA11
VB11,3,VA12,PVCR,PVCL
VB2,8,VA3,VA2,AVFL,AVBL,VC3,SAAVL,DD1,AIZL
VB3,7,AVM,VD4,PVCR,VA3,PVR,VA4,VD3
VB4,6,VA4,PVCL,VA5,PVCR,VC3,VA6
VB5,3,VB4,VA6,PVDR
VB6,6,VA7,VD7,PVDR,PVCR,VA8,PVCL
VB7,3,VD8,VA9,VD7
VB8,3,VD9,VA10,VA9
VB9,1,VA10
VC1,5,VC3,VC2,AVL,AVG,AVFL
VC2,7,VB2,VC3,PVQR,VC1,PVNR,AVL,HSNR
VC3,5,HSNR,VC1,VC4,VC2,AVBL
VC4,2,VC5,HSNR
VC5,3,HSNL,HSNR,VC4
VC6,1,AVL
VD1,10,VC2,AVHL,SAAVL,VB1,VC3,PVQR,VA1,VA2,AS1,VC1
VD10,9,AS10,DA8,VB8,PVDL,DA9,DB7,VA10,VA9,VB9
VD11,11,VB9,VA9,VB10,VA11,DA9,DA8,PDA,VA10,DB7,VC6,AS10
VD12,15,DA8,PDB,VA12,AS11,VB11,VB10,PVWL,DB7,DA9,PDA,VC6,VA10,VA11,VD13,PVNL
VD13,10,DA9,VB11,PDA,DVB,PVNR,DB7,PDB,DA8,AS11,VA12
VD2,13,VA2,DA1,AS2,DA2,SAAVL,VB2,VB1,DB1,VC2,VC3,AVEL,VC1,VA3
VD3,13,VB2,DA3,AVEL,AS3,VB3,PVNR,AVBR,DB2,VC1,VC3,DB1,VA3,DA2
VD4,14,DB2,DB3,DB5,VB4,VC2,VC3,VA4,DA4,AS4,DA3,DA6,VC1,VB3,PVNR
VD5,12,DB5,VA5,VB4,VA6,DA4,DB3,VC1,VC2,VC3,AS5,DA5,DA6
VD6,14,VB6,VC1,DB5,DA5,VA7,DB3,AS6,VB5,VC2,VC3,VA6,DB4,DA6,PVNR
VD7,10,VC3,AS7,VA7,DA7,VA8,DB6,PVNR,DA6,DB5,VB6
VD8,7,AS8,DA8,DB6,DA7,DB7,VB7,VA8
VD9,11,DB6,VA9,DA9,DA8,DB7,DVC,AS9,VB7,DA7,VA8,VB8
