ADAL,23,RICL,RIPL,RICR,AVAR,AIAL,AIBL,SMDVR,AVEL,ADLL,ADAL,PVPL,AVBR,AVBL,URAVL,AVAL,RIML,URXL,AIBR,RID,AVDL,AVJR,AVDR,ADAL
ADAR,18,AVEL,SMDVL,AVBR,RIFR,RIPR,AVBL,RIMR,AVAR,AIBL,AVJL,PVR,URXR,AVDL,ASHR,AIBR,AVDR,RIVR,URYDR
ADEL,34,AVDL,SAADR,RMDL,ADAL,RMHR,RMGL,RIGR,SMBVL,ALML,URBL,RMHL,ADER,RIFL,RIVR,AVL,RMER,CEPDL,AVEL,SMBDR,RIVL,SIBVR,AVHL,FLPL,SIADR,VB1,AVAL,IL1L,RIH,BDUL,RIAL,RIGL,OLLL,AVAR,IL2L
ADER,26,RIGL,ADEL,ADAR,ASIR,SMDVR,URXR,IL1R,FLPR,IL2R,DR4,AVDR,OLLR,RMDR,RMGR,URBR,AVJR,RIGR,ALNR,CEPVR,FLPL,AVAR,AVAL,RMDL,AVER,CEPDR,RIAR
ADFL,20,ADLL,AFDL,RIVL,AIBL,SMDVL,AIAL,AWCR,RIBL,RIGR,RIAL,SMBVL,AIZL,AWBL,SMBDL,RIGL,RIR,ADAL,AUAL,URXL,AIBR
ADFR,23,PVPR,AIYR,ASHR,URXR,ADFR,AIZR,RIGR,RIAR,RIH,AWAR,ADAR,URYVR,BAGL,RIR,AUAR,AWBR,SMBDR,OLQVR,AFDR,AVHL,AWCR,SMBVR,ADFR
ADLL,24,RIAL,AVBL,AVDL,ASGL,ASHL,AVAR,RIR,AWCL,AWBL,RIPL,ADAL,AIAL,AVJL,ASEL,ALA,AWAL,AVDR,AVAL,AIBL,ASER,OLQVL,SMBVL,AVJR,RIGL
ADLR,27,ADLR,ADAR,SIBVL,AVBR,AWCR,SMBVR,RICR,AIAR,AVBL,CEPVR,RIPR,RIFR,AVDL,AIBR,PVCL,ASER,ASHR,URXR,RICL,AVDR,OLLR,AVJL,OLQVR,AVAR,URBR,AVJR,ADLR
AFDL,8,AFDL,AINR,AWBL,ASEL,AIYL,ASER,AIBL,AFDL
AFDR,4,ASER,AFDL,AIYR,ASEL
AIAL,18,ASKL,AWCR,AIML,ASGL,RIR,ADAL,ADLL,ASEL,ASER,AWCL,AIBL,RIFL,PVQL,AIZL,ASHL,RMGL,ADFL,ASJL
AIAR,11,AWAR,ASIR,ADLR,ASER,RIFR,ADAR,AWCL,ASGR,AWCR,AIBR,AIZR
AIBL,24,SIBDR,RMFR,AVBL,SIAVR,ASHL,SAADR,RIBR,RIFL,SAAVL,AIZR,RIGR,SIADR,SMDVR,ASHR,AVEL,AVAL,SAADL,IL2DR,RIML,RIMR,SMDDR,AIBL,FLPL,AIBL
AIBR,25,RIBL,RIAL,DVA,SAADR,SMDVL,SIBVR,RICR,AVAR,AVEL,RIMR,AVBR,RIGL,AUAL,SIADL,SMDDL,SAAVR,SAADL,AIYR,AIAR,RIML,AQR,AWCR,ADLR,RMFL,VB1
AIML,18,ASJL,AVDL,AVFR,AVFL,CEPDL,SMBVL,URXL,RMGL,RID,RIFL,AIAL,ASGL,PVQL,ASKL,AVHR,ALML,AVHL,AVJL
AIMR,24,AIAR,AVDR,ASJR,RMGR,HSNL,ASGR,RMDR,ASKR,RIFR,AVJR,URXR,ADFR,OLQDR,AIMR,AVFR,AVHR,HSNR,ALA,AVAR,AVFL,CEPVR,PVNR,BDUR,AIMR
AINL,14,RMFL,RIBL,CEPVR,AFDR,RMDVL,ASGR,AIAR,ASIL,RIBR,AUAR,BAGL,RID,ASEL,SAAVL
AINR,19,AINR,ASGL,AUAL,CEPDL,RID,AFDL,BAGR,AUAR,AFDR,RIBL,URXR,AINL,AWCL,URXL,ASEL,ASER,AIAL,AIBL,AINR
AIYL,12,ASER,AWCR,AWAL,RIAL,AFDL,AIZL,RIR,RIH,HSNR,AIBL,AWCL,RIBL
AIYR,14,RIBR,RIAR,ASER,AWAR,AFDR,AIYL,AIZR,BAGR,ASGR,ASEL,AINL,AWBR,RIVR,ADFR
AIZL,21,AVKR,AIBR,SMBDL,AVER,VB2,AIBL,SMBVL,AIAL,AFDL,AVEL,RICR,RIML,URYDL,RIAL,VL7,ASEL,ADFL,SMDVL,AWCR,RIGL,DVA
AIZR,16,SMBVR,RIMR,AVEL,ADFR,AIBR,AWCR,SIADR,RIAR,SMBDR,SMDDR,AWAR,AIAR,AIBL,ASER,DVA,AVER
ALA,7,AVDR,ASJR,RMDR,AVAR,AVEL,RIAR,AVER
ALML,17,CEPVL,ALML,PVCL,CEPDL,AIML,SDQL,RMGL,RIFL,BDUL,RMDDR,RICL,PVCR,SMBDR,AVEL,RICR,AVDR,ALML
ALMR,8,SMDDL,URBR,RMDDL,CEPVR,BDUR,SIADL,PVCR,CEPDR
ALNL,8,RMHL,SAAVL,SIADR,SMBDR,RIAL,RMGL,SMDVL,RMDDR
ALNR,8,ADER,SMDDR,SMDVL,AVAL,SMBDL,RIML,IL2DR,SAAVR
AQR,19,PVPL,PVCL,AVAL,RIAL,BAGL,DVA,AVBL,PVPR,AVDL,AVDR,AVBR,RIAR,URXL,RIR,PVCR,AVJL,RIGL,BAGR,AVAR
AS1,10,VD1,DR7,DD1,AS1,DA1,DB1,DL6,DR6,DL7,AS1
AS10,6,DL20,DL21,DR22,VD11,DR21,VD10
AS11,7,DD6,DL21,DL22,VD12,DR22,VD13,DR23
AS2,10,DB1,DL7,DD1,RID,VD2,DR7,DR9,DR8,DL9,DL8
AS3,6,DR9,DA3,VD3,DL10,DR10,DL9
AS4,10,DR11,DR12,DD1,DL11,DB2,DD2,DL10,DL12,VD4,DA3
AS5,6,VD5,DL12,AS5,DR12,DL11,AS5
AS6,7,DR14,DA5,DR13,VD6,DB4,DL14,DL13
AS7,5,DR16,DR15,DL16,DL15,VD7
AS8,5,DL17,DR18,VD8,DR17,DL18
AS9,5,DR19,DL19,DR20,VD9,DL20
ASEL,17,AIYR,AWCR,AIBL,OLLR,ASER,AWBL,RIAR,AWCL,IL2R,AIYL,ASJL,AIZL,RIR,AIAL,AIBR,ADFR,AFDR
ASER,17,ADLR,AIAL,AIZL,AIYL,AWCR,ASKL,ASHR,AFDR,AIBL,ADLL,AIBR,AIAR,AIYR,AFDL,ASEL,AWAR,AWCL
ASGL,4,AIAL,AINR,AIBL,ASKL
ASGR,5,RIFR,AIBR,AIYR,ASER,AIAR
ASHL,20,RIR,ADLL,AVBL,RIML,RIPL,URXL,AVAL,AVFL,AVDL,ADAL,ADFL,AVAR,AIAL,AVHR,AIBL,HSNL,RIAL,ASKL,AVDR,AIZL
ASHR,22,AVDR,SMBVR,AIAR,ASHR,ADFR,PVCL,AVHL,HSNR,HSNL,ADAR,AVAR,AIBR,RMGR,AVDL,AVER,ADLR,AVBR,AWAR,RIAR,PVPR,AWBL,ASHR
ASIL,17,AIAL,RMFL,ASER,AIYL,AIBL,ASKL,AIZL,ADFL,CEPVR,SAAVL,AWCL,AIYR,ASGL,RIBL,AWAR,AWCR,RIAL
ASIR,12,CEPVR,AIBR,AIAL,AWAR,AWCR,ASER,ASEL,ADLR,AIAR,ASHR,ASGR,AWCL
ASJL,8,HSNR,HSNL,ALA,ASKR,ASKL,CEPDL,ASJR,PVQL
ASJR,3,PVQR,HSNR,ASKR
ASKL,5,ASER,AIBL,AIML,AIAL,ASJL
ASKR,12,ASER,HSNL,CEPVR,AIBR,ALA,ASGR,ADLR,AIMR,RIFR,AWAR,AIAR,AIAL
AUAL,12,AIBR,URXL,RIBL,AVEL,DVA,AIZL,RIAL,AVDR,AVAL,BAGR,AIYL,ADFL
AUAR,10,BAGL,AVAR,RIBR,AINR,URXR,AVER,AIZR,RIAR,AINL,AIYR
AVAL,42,AVDL,AS8,DA3,RIAL,AVDR,LUAR,LUAL,VA4,DA2,VA3,VA2,SABVL,DA1,AS7,PVCR,AVEL,DA8,VA7,DA5,VA1,DA7,VA12,AVER,VA6,AS2,DA4,AVAR,VA10,PVCL,VA5,AS5,AS9,DA9,AS11,AVBL,VA8,AS10,VA9,PVNL,VA11,AS4,DB7
AVAR,44,AVDR,AVBR,DA2,LUAL,DA7,VA8,DA6,AS9,VA5,AS4,LUAR,AS7,DA4,AVER,DA3,DA9,VA7,PVCL,AS2,VA2,AS11,DB2,PVCR,AS1,AVAL,AVBL,SMDVR,VA9,VA3,SABVR,VA6,AVDL,VA4,AS8,SAAVR,VA11,DB3,DA8,AS5,DA5,AS6,VA10,DA1,RIGL
AVBL,21,AVJR,VC3,AVBR,AVAL,VB2,DVA,AVDR,VA2,AVER,PVNR,DA7,PVCR,DA5,AS5,AVL,PVPR,AS10,AVAR,VA10,SDQL,AS4
AVBR,20,HSNR,AVBL,DA7,DA4,VA3,AVDL,AS1,AVAL,AIBR,AVAR,DB4,VA4,VD3,VL16,AVJL,AS3,AS10,AVER,DA3,AS4
AVDL,24,DA2,DA1,VA3,AVAR,AVDR,AS4,DA3,AVEL,VA10,SABVR,DA4,AVAL,DA8,SABD,SABVL,AVJL,VA12,LUAL,PVCL,AS11,AS10,DA5,VA5,DVC
AVDR,28,DA1,AVER,VA5,DB1,AVAR,PQR,AS10,LUAL,ALA,AVJR,DA5,DA4,DVC,AS11,VA2,SABVL,AVDL,VA3,AVAL,VA11,SABD,DA2,SABVR,PVCR,AVBL,DB4,DA3,DA8
AVEL,20,ALML,PVCL,DB3,VA1,PVCR,AS1,SABVR,VA3,DA2,AVAR,RMGL,DA3,AVAL,SABD,PVT,VD2,SABVL,AVDL,VD3,DA1
AVER,25,AIZR,CEPDL,VA4,OLLL,URXR,AVAR,RMGR,AVAL,DA1,AVEL,DA3,SABVR,SABVL,AS2,DA2,AVDL,SABD,VA3,VA1,RIMR,AS3,DB3,AS1,VA2,AVDR
AVFL,24,AVBR,AVJL,HSNR,AVL,AVHL,VL11,PVNL,AS10,DVB,VL10,SMBVL,VB2,VL13,RIFL,VC1,AVHR,AIML,AVFR,PVQL,VB1,RIFR,AVG,AVBL,HSNL
AVFR,24,AVHR,PVQL,VA2,VL12,AVBL,AVBR,HSNL,AIAL,RMGL,ASHR,PVPR,VR14,PVCR,AVAL,AVJL,AVFL,VR10,AIML,RMDDL,AVHL,AVG,HSNR,VL11,PVDL
AVG,27,AVJR,VA6,VL11,AVFL,VL10,AVDR,PVCR,AVAL,VL16,PHAL,AVJL,AVBL,PVT,AVG,PVNR,PVQR,VC1,PVNL,DVC,PVCL,AVAR,AVER,AVBR,VA11,DA8,AVDL,AVG
AVHL,23,SABD,SMBVR,PVQR,ADFR,AVFR,AWBR,AVJR,AVAR,AVJL,AVBL,DD1,RIR,SMBDR,ASHR,RIMR,PVPR,BDUR,RIFR,AVDL,AVFL,AVBR,AVHR,VD1
AVHR,19,AVBL,AWBL,RIR,ADLR,AVJR,AQR,AVFR,SMBDL,PVPL,VR9,ASKR,AVHL,RIGL,AVBR,DVA,AVFL,AVAL,SMBVL,AVDR
AVJL,15,AINL,PVNR,PVCL,AVHL,AVJR,SABD,ASHR,PVCR,AVDL,AVBR,AVBL,AVAR,RIS,AVEL,RIFR
AVJR,15,AVAR,AVM,PVCL,AVDR,ALML,AVBL,AVBR,AVAL,RID,SABVL,PVCR,FLPR,AVER,AVJL,AVDL
AVKL,17,VR6,RIVL,RMDL,SAADR,VL11,AVBL,AVM,AVEL,SAAVL,RIML,AVER,SIBVR,SIAVR,DVA,RMFL,RIMR,SAADL
AVKR,19,RMDL,AVKL,RMFL,SMBDL,RIGL,PVQL,VL11,PVPL,SAADL,VL9,RMDR,RMGL,BDUL,SMDVR,SIADL,RMHR,SMDDR,RIMR,RIML
AVL,13,AVKR,DVC,VR8,RIS,VC1,DVB,RIMR,VL15,VC2,VL12,VL11,VC6,VL10
AVM,20,BDUR,AVBL,PVNL,BDUL,AVDR,AVHL,PVNR,RID,AVKL,VA2,AVBR,PVCR,AVDL,PVCL,ADER,VB3,DA1,SIBVL,PVR,AVJR
AWAL,8,ASHL,ASEL,ADAL,ASGL,AWBL,AFDL,AIZL,AIYL
AWAR,13,ASER,RIGR,AUAR,AIZR,AWBR,AFDR,ASGR,AIAR,RIR,ASIL,ADFR,RIFR,AIYR
AWBL,16,AWAL,AVBL,AIAL,ASEL,SMBDL,HSNL,AWCL,AIYL,SMBVL,AIZL,ASHL,RIGL,ADFL,AVHR,RIAL,AIBR
AWBR,15,URYVR,RIR,OLQVR,HSNR,HSNL,RIFR,RIAR,ASER,AIYR,AIZR,AIMR,ADFR,AVBR,ASHR,ASGR
AWCL,14,AIBL,AFDL,ASGR,AIBR,AIYL,AWCR,AIAR,RIAL,SMDVL,ASIL,AIAL,ASER,AIZL,AVAL
AWCR,17,ASER,AIAL,RIAL,RIVL,ASGR,AIYR,AIBL,IL2L,AIBR,AIAR,ASIR,ADFR,ASHR,AIYL,ASIL,ASEL,AWCL
BAGL,19,RIPR,RIVR,RIGR,ADFR,CEPVR,URAVR,AVEL,RIAR,AVER,RID,URXR,RIBR,RIGL,AIBL,AIZR,AUAR,AVAR,BAGR,AINL
BAGR,11,AVAL,RIGL,BAGL,AIYL,RIAL,SMDVL,RIBL,OLQVL,AQR,AVEL,RIBR
BDUL,5,RMGL,RIFL,ADAL,DL5,ALML
BDUR,3,DR6,AVBR,CEPVR
CANL,0,
CANR,0,
CEPDL,27,URADL,SIBVR,RMHL,ALML,RMDVL,RIH,IL1DL,RIBL,RMGL,URBL,RIPL,OLQDL,AVER,IL2DL,OLLL,RIS,AINL,RICL,RICR,RMHR,URYDL,AFDL,CEPDR,SIBDL,DL5,SMBDR,SIADR
CEPDR,25,RMGR,URBR,RIH,DR3,AVEL,URXR,RIFR,RMDR,RICL,SIBDR,DR5,RMHR,OLLR,SMBDL,CEPDR,URADR,IL1DR,BDUR,RMDVR,RMHL,URYDR,RICR,OLQDR,IL1R,CEPDR
CEPVL,23,RIBL,VL5,OLQVL,RMGL,URAVL,RIPL,RMHR,RMDVR,SMBVL,PVR,AVER,URYVL,SMDVR,SIAVL,IL1VL,RMHL,RMDDL,RICR,RICL,VL7,OLLL,URXL,RIAL
CEPVR,24,OLLR,RMHR,VR8,ASGR,IL1VR,AVEL,RICR,RIAR,RIAL,SMDDR,IL2VR,SIAVR,CEPDR,ADLR,RIPR,VR3,RIVL,RICL,URAVR,RMDDR,URYVR,SMBVR,VR5,OLQVR
DA1,10,FLPR,VD2,DD1,DB1,DR7,AS1,DL8,DL7,DL6,DR6
DA2,13,DL7,DR9,DL10,VD2,AS2,DA3,DD1,DR7,DL8,DB1,DL9,DR8,VD3
DA3,13,VD3,DL11,VD4,DR9,AS4,DB3,DR11,DD2,DL9,DR10,DA4,DR12,DL10
DA4,10,DL13,DL12,DB2,DR12,VD5,DL11,VD4,DD2,DR11,DR13
DA5,11,DD3,DR14,DB4,DL13,DL14,DR13,DL12,VD5,VD6,DR12,DA4
DA6,20,DA5,DR13,DL14,DR15,VD6,DD3,DL11,DR14,DR10,DR16,DL15,DL13,DL12,DR12,DR11,VD5,VD4,VD7,DB5,DL16
DA7,18,VD8,DL14,DR19,DR16,DR14,DA6,DD4,VD9,VD7,DL17,DL18,DL15,DL19,DR17,DB6,DL16,DR18,DR15
DA8,22,DL17,DR21,VD8,DR20,DL19,DL18,DR16,VD12,VD13,VD10,DL16,DL20,DR17,DR19,VD11,DR18,VD9,DD5,DD4,DA7,DL21,DB7
DA9,23,DL20,DVA,VD11,DL21,VD9,DR22,DR21,VD13,DL23,VA12,VD10,DL22,DA8,DR20,DR24,AS11,DR19,DL24,DL19,VD12,DB7,DD6,DR23
DB1,14,DL8,RID,DL9,DR9,DD1,FLPR,DA1,DL6,AS2,VD3,DR8,AS1,DA2,VD2
DB2,16,DD1,AS4,DL10,DL9,VD4,DL12,VD3,DR11,DR9,DA3,DD2,DA2,DR10,DL11,AS3,DA4
DB3,17,DD5,DD3,DL14,DA4,VD5,DA5,AS5,DD2,AS4,DR12,DL11,VD6,DR13,DR11,DL12,VD4,DL13
DB4,15,DD6,DL14,DA5,DR14,DD5,DL13,DD3,AS6,DR13,DL15,DL16,DR15,DD4,DR16,VD6
DB5,21,DA8,DL17,AS8,DR14,VD5,DL18,DR17,DL19,DA7,DL14,VD6,DR18,VD4,DA6,DR16,VD7,DR15,AS7,DL15,DL16,DR19
DB6,19,VD8,VD9,DL17,DR18,DR16,DL16,AS9,DL18,DR19,DL19,DR17,DA9,VD7,DR20,DA8,DL20,AS8,DR21,DL21
DB7,21,DL21,VD8,DR21,DR22,DR19,DR24,DL23,VD9,VD13,VD11,DL19,VD10,VD12,DL24,DL20,AS10,DR20,DA9,AS11,DR23,DL22
DD1,10,DR6,DL8,DL7,DR9,DR7,DL9,DL6,VB2,DR10,DR8
DD2,6,DR12,DL12,DL10,DR11,DL11,DR10
DD3,10,DR15,DR11,DL15,DR12,DA5,DL12,DR14,DL13,DR13,DL14
DD4,9,DR14,DR18,DL16,DR17,DR15,DR13,DL17,DR16,DL18
DD5,6,DR20,DR19,DL19,DR21,DL21,DL20
DD6,6,DR22,DR24,DL22,DR23,DL23,DL24
DVA,11,AVBR,DA2,PVPR,URYDL,VA8,VA6,AVDR,AIZR,URXL,SMDVL,PDER
DVB,2,MU_INT_L,VD13
DVC,6,VD9,VR20,URAVL,RIVR,PVPL,PVDR
FLPL,16,AVBR,RIS,DD1,AVDR,AVDL,DVA,AIBR,ADER,AVAL,AIBL,PVCR,ADEL,AVBL,AVAR,FLPR,VA1
FLPR,17,AVBL,ADAL,VB1,AVER,AVEL,PVCL,AVAR,AVBR,AVAL,FLPL,DVA,AVJL,AVJR,AVDL,AVDR,ADAR,ADER
HSNL,34,ASJR,AIZR,VM2AR,ADLR,RIFL,VC5,AIMR,RIML,VL15,AVFR,VM2AL,HSNR,AWBR,ASKL,VM2PR,HSNL,VL11,VL16,ASKR,RMGR,ASHL,AVFL,VR11,AVJL,RIR,VM2PL,PVQL,ADLL,AWAR,AIZL,AWBL,AIAL,ASHR,HSNL
HSNR,43,VM2AR,VM2PL,RIFR,AS5,AIAL,VC2,VC5,VR10,ASHL,VM2PR,AVJL,PVT,VR9,VM2AL,AVER,RMDDR,AVBR,AVHL,PVQR,VA6,AVFR,VC4,RIMR,RMGR,BDUR,SABVR,AVHR,AVFL,RIML,AVDR,VR15,AWBL,VC3,PVPR,SABD,AIBL,VR16,AIZR,PVNR,HSNL,DA5,DA6,AIZL
I1L,16,MCR,M3L,I3,PM1VL,M2L,MI,I2L,MCL,PM4VL,PM4DL,I5,PM3VL,PM4DR,M3R,I6,NSML
I1R,19,M2L,M3R,PM1VR,M3L,PM3VR,I2R,I5,MCL,M2R,MI,MCR,PM4DR,PM5VR,PM4DL,NSML,I3,M1,PM4VR,NSMR
I2L,13,I1L,M1,PM5DL,PM3VL,NSML,I4,I5,PM4VL,I2R,PM5VR,NSMR,PM5DR,PM5VL
I2R,18,PM5VR,PM3VR,PM4DL,NSML,I2L,M1,PM5VL,M4,PM4DR,PM4VL,M3R,I4,MCL,NSMR,PM1VR,I5,I1R,M2R
I3,16,M3R,MCR,PM4DR,I5,M1,PM4DL,I6,MCL,MI,NSMR,PM5DL,M3L,M2L,M4,I1L,PM5DR
I4,12,PM5VR,I5,NSML,I2R,M2L,M3R,PM4DR,MI,PM4DL,NSMR,PM5VL,M3L
I5,15,NSML,M3L,I2L,M2L,I2R,I1L,NSMR,PM5VR,PM5VL,M4,I4,I3,M3R,MI,M1
I6,10,M4,M3L,PM5DL,NSML,I1R,I3,PM5DR,I2R,NSMR,I2L
IL1DL,12,DR7,RMEL,RIPL,RMDDR,DL6,DL1,RMDVL,DL3,IL2DL,SIBDL,DL2,URADL
IL1DR,14,RMDDL,DR1,URYDR,IL1R,DR3,RMDVR,IL1DR,URADR,PVR,IL2DR,OLLR,RIPR,DR2,IL1DR
IL1L,18,VL1,RMER,RMDL,RMDDL,VL4,URBL,DL3,RMGL,AVER,RMDVR,RMDR,DL4,OLLL,RMDVL,IL2L,URAVL,DL5,VL2
IL1R,16,RMDDL,RMDR,URXR,RMHL,DR4,DR3,OLLR,VR4,RMDL,AVEL,DR5,AVER,RMDDR,RMDVL,RMDVR,RMEL
IL1VL,13,RMDDL,VL1,AVL,IL1VL,OLQVL,RMDVR,RMHL,RIPL,VL2,URYVL,IL1L,URAVL,IL1VL
IL1VR,10,VR4,OLLR,RIPR,VR2,IL1R,RMDDR,URAVR,IL2VR,RMDVL,OLQVR
IL2DL,15,RIPL,IL2DL,URADL,RMED,RMER,IL1DL,RMHL,AUAL,RIH,AVBR,RMEV,OLQDL,RIBL,RMEL,IL2DL
IL2DR,12,IL1DR,RMER,URADR,RMED,RMEL,OLQDR,CEPDR,RICR,RIPR,RIPL,RMEV,RICL
IL2L,13,IL1L,RIH,OLQDL,URXL,RMEV,RICL,RMER,URAVL,OLQVL,RMDL,ADEL,AVEL,RMDR
IL2R,15,OLLR,RMEV,AVER,RIH,URBR,OLQDR,OLQVR,URAVR,RMDL,URADR,URXR,RMGR,IL1R,ADER,RMEL
IL2VL,12,IL2L,RIPL,RMEV,RMEL,RIH,RIAL,IL1VL,DVC,URAVL,BAGR,OLQVL,RMER
IL2VR,14,RMEL,SIADR,ADLR,URAVR,RIPR,RMED,RMER,OLQVR,AVAL,IL1VR,URXR,RMEV,RIAR,RIH
LUAL,9,PHBL,AVJR,AVJL,PVWL,AVDR,AVAL,AVAR,AVDL,PVNL
LUAR,12,PVWR,PVCR,AVJR,AVAR,PVR,PDB,PQR,PVWL,PVNL,AVDR,AVAL,AVDL
M1,14,PM5DR,I2R,PM2DR,I3,I2L,PM2DL,NSML,PM3VL,PM4DR,I5,PM4DL,PM5DL,I4,MI
M2L,11,PM4DL,M3L,I4,M3R,PM5VL,PM5DR,I3,I5,PM4VL,PM5DL,PM4DR
M2R,9,PM4DL,PM4VR,I4,M3R,NSMR,PM5VR,M3L,I5,PM4DR
M3L,7,PM4VL,PM5VL,PM4DR,PM4DL,NSML,PM5DR,PM5DL
M3R,4,M4,PM4VR,PM4DL,PM4DR
M4,12,PM5VL,I4,M4,M2L,PM4VR,I5,M3L,MCL,PM5VR,PM5DR,PM5DL,M4
M5,7,PM6VL,PM5VL,PM6D,PM6VR,PM5VR,PM7VR,PM7D
MCL,2,MC2V,MC2DR
MCR,3,MC2V,MC2DR,MC2DL
MI,16,M3L,I4,NSML,MCL,M1,M2R,PM4VR,PM5DL,PM5DR,M2L,I3,NSMR,I1L,PM4DR,PM4DL,PM4VL
NSML,10,PM5DR,M4,PM5VL,PM5DL,NSMR,M3R,PM4VL,M3L,PM5VR,I4
NSMR,11,PM5DR,PM4DL,I6,PM5DL,I2R,PM5VL,I4,PM5VR,PM4DR,M3R,I2L
OLLL,16,OLLL,RIBL,SMDDL,SMDDR,IL1VL,RMDL,AVER,SMDVR,URYVL,CEPVL,CEPDL,URYDL,RMDVL,RMEL,RMDDL,OLLL
OLLR,23,RMDDR,RMED,RMDVR,IL1DR,RMER,SMDVL,AVEL,RMDR,RIBR,CEPVR,RIS,SMDDR,OLLR,OLQDR,SMDDL,ADER,IL1VR,SMDVR,URYVL,IL2R,RMDL,CEPDR,OLLR
OLQDL,11,URYDL,RMDDR,RMHL,RIH,CEPDL,RMEL,RICR,RMDDL,SIBDL,DL6,RMED
OLQDR,8,RICR,SIBDR,RICL,RMHR,RIH,IL1DR,RMDDL,RMER
OLQVL,7,SIBVL,IL2L,AVAL,RMDVR,AVDR,RMHL,RICL
OLQVR,9,RMER,RMDVL,IL1VR,RIH,RIPR,RMHR,RICR,SIBVR,RIAR
PDA,14,VD11,DL21,VD13,DR24,DL23,DR23,DR21,VD12,DL24,DR22,DL22,DD6,DA9,PVNR
PDB,7,VD12,DR23,DL24,DR24,VD13,DL23,DD6
PDEL,1,DVA
PDER,3,DVA,PVR,PDEL
PHAL,11,PHAR,AVHR,AVG,PVQL,AVFL,AVHL,PHBR,PHBL,DVA,AVDR,DA8
PHAR,12,PVPL,PHBR,PHBL,AVG,DVA,PHAL,DA8,PVQR,PVT,AVDR,AVHR,PVQL
PHBL,11,AS11,AVAL,AVAR,DA8,AVDR,PVCL,AVDL,VA12,PVNL,PHBR,AVG
PHBR,9,AVDL,VA12,PVCR,AVAL,AVAR,PHBL,PVCL,PHCR,AVDR
PHCL,9,LUAL,PVQR,PHCR,AVHR,AVAL,DA9,PVCL,VA12,DVA
PHCR,9,LUAR,PVCR,PHCL,PVQR,PHAR,VA12,AVHR,DA9,DVA
PLML,0,
PLMR,0,
PLNL,7,SMDVR,SMBVR,SAADR,SIAVL,RMDVL,SAAVL,SMBVL
PLNR,5,SMBVR,SAADL,SIAVR,SMDVL,SMBVL
PQR,15,DA8,PVNL,AVHL,DB7,AVJR,PVCR,PHBL,PVPR,AVG,LUAR,AVAL,AVAR,PVCL,AVDR,AVDL
PVCL,34,AVER,AVEL,AVBR,AVAL,DVA,RIS,DB4,VB6,PVCR,AS1,RID,DA5,PVCL,VB11,VB4,SIBVL,PDER,AVDL,AVAR,VA11,ASHR,AVJR,DB7,SMBVR,AVDR,AS2,AVJL,DB3,AVBL,DB2,AVG,DA8,ADLR,PVCL
PVCR,34,PVDR,AQR,AVAL,DA5,AVBL,AVHL,AVEL,SIBVR,PVDL,VB4,AVER,PVPR,VB6,RID,PDER,VB11,FLPL,DB4,DB2,AVBR,DVA,DA4,DA7,PVWR,AVAR,PVCL,AVDR,DB3,PVR,AVDL,LUAR,VB3,DA2,AVL
PVDL,12,PVPL,PVDR,AVDR,AVDL,VD10,PVCR,AVG,AVAL,AVFL,PVCL,AVAR,DD5
PVDR,11,AVAR,PVCR,AVDL,AVAL,VB6,VA12,DVA,VA9,PVDL,PVCL,VB5
PVM,7,AVKL,PVR,PVCR,VR10,PVCL,AVM,DVA
PVNL,23,VD12,VA12,PVCL,DD1,AVDL,PVPR,PVDL,PQR,AVDR,PVWL,AVBR,AVJR,PVWR,AVL,LUAL,PVNR,AVG,VL11,AVJL,AVAL,BDUR,PVT,BDUL
PVNR,33,AVDR,PVWL,AVBR,URXL,URBL,VC2,AVEL,CEPDL,AVAL,PVR,VA11,PQR,VD3,DB3,DD2,PVDR,AVDL,ALML,PVNR,PVCR,AVL,PVT,PVWR,VA6,VD13,VD4,AVJL,VD6,HSNR,BDUL,AVJR,VD7,PVNR
PVPL,14,RIGL,RIR,AVBR,PVCL,AVAR,AVAL,AQR,PVCR,VL10,AVBL,PVDL,AVHR,ADAL,AVDR
PVPR,22,AVBR,AVL,URXR,RIAR,PVCR,VR10,PVCL,ADFR,ASHR,RIGR,VR11,AVAR,AVG,HSNR,AVJL,DVC,AQR,AVAL,DD2,AVBL,AVHL,PVQR
PVQL,12,PVPL,AVHR,DD6,ASKL,DA8,HSNL,HSNR,AIAL,ASJL,AWAL,RMGL,VR10
PVQR,16,RIFR,VC2,AVBR,RMGR,ASKR,VD1,DD6,ASJL,AIAR,AIMR,DD1,AVL,AIAL,AWAR,ASER,AVFR
PVR,29,DB7,PVCL,DA9,ADAR,CEPVR,PVR,RIPR,DB3,VR11,IL1VR,DVA,SABD,RIPL,IL1VL,DB2,VB3,AVBL,SDQR,DA5,PVM,ALMR,DB4,AVJR,AVJL,URADL,AVKL,IL1DR,AVBR,PVR
PVT,13,DVC,RMEV,AIBR,RIH,RIGR,RIGL,RMFL,AIBL,RMFR,RIS,AVL,AVKL,AVKR
PVWL,5,PVCR,PVT,VD12,PVCL,PVWR
PVWR,4,AVDR,VA12,AVAR,LUAR
RIAL,13,RIML,SIAVR,SMBDR,CEPDL,BAGR,AVAL,AQR,SAADL,URXL,RIMR,RIBL,RIR,AIZL
RIAR,11,AVAR,RIVR,AUAR,VL6,RIAR,SMBVR,RIBR,SMBDR,CEPVL,ADFR,RIAR
RIBL,17,AVEL,BAGR,AVAL,RMDR,CEPVL,RIGL,AIBR,DVC,AVER,AVDR,RIS,SMDVR,AUAL,RIAL,RIML,AVBR,URYDL
RIBR,20,SMDVL,RMED,AVBL,AVAR,RIAR,AUAR,RMDVR,SMDDL,SMDVR,AIZR,RIGR,URYVR,AIBL,OLLR,AVEL,AVER,RIH,RIS,AINL,BAGL
RICL,20,RIML,RIMR,RIVR,SMBDR,RICR,ADAR,SMBDL,AVAR,OLQVL,CEPVL,URBR,SAAVL,SMDDR,ADLR,ADAL,AVAL,SMDDL,CEPDL,SMDVR,RMFR
RICR,22,SMDDL,RIVL,URBR,CEPDR,AVAL,RIML,RMGL,RIMR,SMBDR,SMDDR,SMDVR,AIBL,VB1,ADAR,AIBR,CEPDL,AVAR,AIZL,SMDVL,AVKR,RMFL,RICL
RID,7,DA2,FLPL,DL13,DR10,DL14,DB1,RMED
RIFL,8,AVJR,ALML,AVBL,DL5,RIML,AVBR,PVPL,AVHR
RIFR,20,ASHR,ADLR,AVBR,RIPR,CEPVR,HSNR,RIAR,AWBR,AVJR,HSNL,AVBL,PVPR,RIFL,PVCL,RIMR,AVJL,AIZL,URXR,PVCR,AVFL
RIGL,19,URXL,RIR,BAGR,RMGL,RIBL,AIZL,AVEL,DVA,RIH,ALNL,AVKR,ADFL,OLQVL,ADLL,PVPL,AIZR,RMHR,AIBR,AVER
RIGR,19,ALNR,RMHL,RIAR,DVC,PVT,AVKR,URYVR,RIBR,RIR,DVA,AFDR,AVKL,OLQVR,AIBL,AVER,AVDL,AIZR,URXR,BAGL
RIH,29,AIYR,RIAR,RIPR,CEPVR,RIBR,AIYL,BAGL,IL2R,RIAL,RMER,URYVR,OLQDR,CEPDL,URAVR,BAGR,RIBL,IL2VL,CEPVL,IL2VR,OLQDL,RIPL,ADFR,AUAR,AIZL,OLQVL,AIZR,OLQVR,RMEV,IL2L
RIML,28,SAAVR,RICR,AVBR,AVAL,AVBL,SAAVL,VR4,AVER,SAADL,AIBL,RMDL,SMDVL,RMFL,RMDR,RMFR,SMDDL,VB1,RIML,SAADR,AIBR,SMDDR,DR5,RIMR,AVKR,RIBL,AVAR,RIAL,RIML
RIMR,23,SAAVL,RIS,SAAVR,SMDVR,RIML,VL4,AVJL,AIBL,AVBL,SMDDR,RMDR,ADAR,VB1,AVBR,RMDL,AVAL,RIBR,RMFR,SMDDL,RMFL,DL5,SMDVL,AVKL
RIPL,5,RIPL,OLQVL,RIH,OLQDR,RIPL
RIPR,5,OLQDR,URAVR,AVBR,OLQVR,RIH
RIR,26,AWBR,URXR,RMGL,RIGR,AIZR,BAGR,ADFL,PVPR,ASHL,RMGR,AIMR,AQR,PVPL,RIAR,AIZL,AVEL,RIAL,DVA,ADAR,URXL,ADFR,AUAL,RIGL,ASHR,AFDR,HSNL
RIS,9,SMDDL,CEPDL,RMEV,SMDVL,RMDDR,RIS,URYDR,URYVL,RIS
RIVL,7,ASGL,ASJL,SMDVL,VR6,VR5,VR7,RMDVL
RIVR,10,VL7,SIBVL,VL3,DR7,VL4,VR6,SMBDL,RIVL,VR7,RMHR
RMDDL,16,RMHL,DR4,DR5,DR3,CEPVL,IL1DR,RIAL,RMDVL,AVER,DR2,DR1,RMEV,IL1R,VL1,RMDVR,DR6
RMDDR,13,RMDVL,DL2,RMDDL,DL6,DL1,DR1,DL4,VL1,RMDVR,DR7,DR6,DL3,DR2
RMDL,33,VR8,RMDVR,RIAR,RIVL,SIBDR,RMHL,DL5,AVKR,RMDVL,SMBVR,RMFR,RIS,RMDR,RMDDR,RIBR,DL3,RIAL,RMER,OLLL,CEPVL,IL1R,RMHR,IL1L,VR4,DR3,RIML,URXR,VL1,DR4,ADEL,ADER,OLLR,SMDDR
RMDR,16,DL5,RIMR,RIS,RMDVL,VL4,IL1L,RIAL,OLLR,RMGL,AVKR,RMDL,RIAR,SIAVL,RMDDL,SMDDR,VL5
RMDVL,16,RMDR,RMDVR,IL2VR,OLQVR,CEPDL,SIBVR,AVER,IL1R,VR2,SIAVR,VR7,VR3,URYVR,VR6,RMDDR,VR4
RMDVR,25,URAVL,VL5,VL4,SIAVL,VL3,URYVL,SIBDR,OLQVL,VL2,SMBDR,RMDDL,AVAR,RIAR,IL1DR,VR3,RMDVR,VL1,VL6,IL1L,VL7,VR7,DL3,VR6,SIBVL,RMDVR
RMED,9,VR2,VL3,SMDDL,RMED,SMDDR,VL2,VR6,VR3,RMED
RMEL,7,IL1R,RMEV,VR4,DR5,RIPR,DR3,OLLR
RMER,8,RMHR,VL1,DL4,DL3,RMER,VL4,IL1L,RMER
RMEV,13,RMED,SMDVL,DL1,RMDDL,RMDDR,RIBR,DR1,DR6,RIH,DR7,DL2,RIS,DR2
RMFL,12,RMDR,RIS,AVKR,PVT,RIBR,DVC,SMDVL,BAGL,RMHL,SAAVR,RIMR,AVKL
RMFR,6,DVC,RMDL,RMDR,AVKR,AVKL,RIH
RMGL,33,RMHL,SIAVL,RMDL,RIVR,RMDDR,VL5,AIBR,URXL,SIADL,RID,RMHR,ADLL,SAADL,SMDDR,ADAL,AVEL,SIADR,SIBDL,CEPDL,AVBR,RMDR,SIBVR,DL5,SMBVL,SMDDL,AVFR,RIFL,DL4,PVPL,AIML,RMDVL,AVAL,ASHL
RMGR,29,OLLR,VR8,SMBVR,SIADL,SIAVR,RMDVR,AVJL,AVDL,SIBVL,SAADL,RIGR,ADAR,ADER,AVER,ALMR,AVAL,AVBL,IL2R,AVBR,RMDR,URXR,DR5,ALNR,AIMR,RMDL,RIR,RMDDL,ASHR,IL2DR
RMHL,12,AVAR,SAAVL,DR4,IL1R,RID,DR3,DR5,SIBDR,RMDR,RICL,RMDDL,RICR
RMHR,12,RMDL,RMDR,RMER,VL1,CEPVL,SMDDL,DL5,DL4,RMHL,DL3,RMGL,AIBR
SAADL,17,AVBR,RIVR,DR6,RIGL,SIBDL,SIBDR,DR4,AIBL,RIMR,RMDVR,RMFR,SABD,OLLR,RIML,DR3,AVAL,SIBVL
SAADR,18,AIBR,DL3,RMFR,SMDVL,SMBVR,RIML,RIMR,PLNL,DL4,AVAR,SABD,AIBL,OLLL,AVAL,RMFL,SMBDR,DL6,RMGL
SAAVL,24,VA3,VR3,AVAL,RIML,VR6,RIMR,SMDVL,DD1,VD1,SMBDR,VA2,VA4,SABD,VD2,OLLR,AIBL,VR4,VA1,SAADR,VB2,SMDDR,RMFR,VL9,SABVR
SAAVR,19,IL1DL,SMBDL,VL4,RIAR,AVAR,SMDDL,RIMR,ASIR,VL3,AVBL,ALNR,RIML,AIBR,SAAVR,VL6,SABVL,RMEV,RIPL,SAAVR
SABD,10,SAADL,DL4,SAADR,DL3,DL6,DR4,DR1,DR6,DL1,DR3
SABVL,6,VL3,VL6,VL4,RIGR,VL1,SAAVR
SABVR,5,VR1,VR4,VR3,SAAVL,VR6
SDQL,19,AIBR,SAADR,RMFL,PVCL,SMBDR,SIBVL,RICR,RIPR,AVEL,RIS,AVDL,SIADR,AVAR,FLPL,DVA,AVBR,AVAL,AVBL,ALML
SDQR,15,RICR,VR7,AVAL,AVBR,SIADL,SDQL,SMBVL,RMHR,SIBDR,ALML,AVBL,DVA,RMHL,AIBL,ADLL
SIADL,19,ALNR,DR13,AVFR,DR10,SIBDL,DR15,SMDDL,DR12,RMDL,DR16,SDQR,DR14,DR7,DR9,DR11,DR5,SMBDL,DR6,DR8
SIADR,20,CEPDL,SMDDR,DL8,DL11,DL9,SMBDR,DL16,DL10,DL7,SIBDR,DL15,DL14,DL13,IL1VR,DL6,SDQL,DL12,AVAL,DL5,ALML
SIAVL,18,VL16,VL8,VL10,VL13,VL12,VL7,SMBVL,VL5,SMDVR,VL9,VL15,ADEL,PLNL,VL11,IL2L,SIBVR,VL6,VL14
SIAVR,17,VR6,SMBVR,RMDL,VR12,VR7,SIBVL,PLNR,VR14,VR16,VR9,VR10,VR15,VR13,SMDVL,VR8,VR5,VR11
SIBDL,18,DR14,SIADL,PVPL,DR11,DR16,CEPDL,DR15,DR7,DR12,DR13,DR9,DR6,SMBVL,SMDDL,AQR,DR10,DR8,DR5
SIBDR,15,SMDDR,DL5,DL9,DL10,DR4,DL8,DL7,DL6,DL13,DL16,DL12,SIADR,DL14,DL11,DL15
SIBVL,19,VL2,ALNR,VR9,VR8,VR13,SMDDL,SMDVL,VR7,VR10,SIAVR,VR16,RMGR,VR5,VR15,VR11,VR12,VR14,RMDDL,VR6
SIBVR,20,RICL,VL6,VL5,VL12,VL15,RMHR,VL8,VL14,SIAVL,SMDVR,VL13,VL7,OLQVR,SIAVR,VL11,VL10,PLNL,VL16,VL9,ADLR
SMBDL,26,ALNR,SAAVR,RMED,DR1,DR3,DR14,DR12,DR13,AIZL,DR7,RIH,DR2,DR15,SMBVL,DR6,DR10,SIADL,SDQR,SIAVL,DR5,DR8,DR16,SMDDL,DR4,DR11,DR9
SMBDR,28,ALNL,DR2,DL5,SDQL,SAAVL,DL11,AVAL,SMBDL,SIAVR,RMED,DL14,DL8,DL13,DL4,SIADR,DL15,DL7,DR1,DL9,DL6,RIVL,SMDDR,DR7,DL10,DL16,DL12,DL1,DL2
SMBVL,29,VL5,VL7,PLNR,VL11,AIML,VL8,VL14,VL13,VL16,AVFL,RMDVR,VL3,VL4,AVBR,VL1,VL2,SMBDL,AVHR,SIAVL,SAADL,AVJR,VL15,VL6,PLNL,VL12,PVPL,VL9,RMEV,VL10
SMBVR,31,RMGR,RIAR,VR16,SMBDR,VR7,PVR,VR1,DR4,VR9,RMDL,VR10,VR8,RMDR,VR4,PLNL,AVHL,VR14,VR5,VR13,VR15,VR3,VR11,RMEV,VR2,SAADR,VR6,VR12,SIAVR,PLNR,ADLR,CEPVR
SMDDL,38,SIBDL,AVEL,RMDR,RMED,RIS,DR9,DR10,VL2,DL1,DR16,SAAVR,DR13,DR14,RIML,DR8,DR15,DR4,RIMR,SMDDR,RIAR,AVER,DR5,RMDL,VL3,RMEV,DR12,DR11,SMBDL,SIBVL,DR6,DL2,SMDVR,DR7,RIAL,DL7,DR1,SIADL,RIVR
SMDDR,34,RMED,RIBL,RIVL,AIZR,RIMR,SIADR,VR2,SMDVL,VL2,DL5,DL14,DL9,DL2,DL13,DL8,RMDR,SMDDL,SIBVR,DL10,RIAL,DL12,RIS,DL6,ALNR,AVER,DL16,DL7,VR6,SMBDR,RIAR,SIBDR,DL15,DL11,ALNL
SMDVL,33,VR11,VR7,VR3,DL2,VR9,RIAR,RIAL,PLNL,RIBR,RMEV,ALNL,PVR,VR14,RIVL,VR5,VR16,VR13,SMDVR,VR15,VR10,SMDDR,VR8,IL2L,SIADR,DL1,VR6,VR2,CEPVR,VR12,ALNR,SIBVL,SIAVR,RMDDR
SMDVR,31,RIAR,VL4,VL10,VL12,RIML,VL8,VL2,AIBR,VL15,RIAL,VL6,SIBDR,RMED,AVAR,RIVR,AVER,RMDDL,SMDDL,VL5,CEPVL,VL9,VL14,VL11,VB1,VL7,SMDVL,VL16,VL3,SIAVL,PLNL,VL13
URADL,7,RIPL,DL1,DL2,IL1DL,RMEL,RIH,DL6
URADR,9,URYDR,IL1DR,DR1,DR5,DR3,DR2,RIPR,RMER,DR4
URAVL,15,VL3,CEPVL,IL1L,RMDVR,RMEL,RMER,RMDDL,DVC,RIPL,VL2,RIBL,VL1,RMEV,AVER,IL1VL
URAVR,17,RMEV,RMDVL,URYVR,PVT,IL2VR,RMER,RIPR,IL1R,VR6,RMEL,RIH,RMDDR,VR3,ADAR,VR4,VR2,IL1VR
URBL,19,RICR,CEPDL,IL1L,SIBVL,ADAL,AVBL,SMBVL,URBL,URYDL,URXL,RICL,SIADR,RMHR,OLLL,RMDDR,SMBDR,SIAVL,PVR,URBL
URBR,24,IL1R,RICL,IL1DR,OLLR,SMBVR,AVBR,OLQDR,SIADL,URXR,SIAVR,SIBDR,ADAR,RMGR,IL2R,ADER,AVDL,ADLR,SMBDL,SIBVR,CEPVR,RMDL,CEPDR,RMDR,RICR
URXL,25,AVBL,RICL,ASIL,HSNR,ADFL,ADAL,RMGL,RIGL,IL1DL,AIML,AVAL,RIAL,AVJR,OLQVL,CEPDL,IL2L,BAGR,AUAL,AVEL,URXL,RIR,AVDR,AIZL,ASHL,URXL
URXR,26,RIPR,RIGR,ADLR,AWBR,RMDDL,ADAR,RMDR,SIAVR,AVAR,AUAR,SIADL,ADFR,RIAR,RICR,URBR,RMGR,RIR,AIMR,AVBL,ALMR,OLQVR,SMBVR,CEPDR,AVBR,RIFR,AVER
URYDL,11,AIZL,OLLL,RMDVL,AVEL,SMDDR,RMDDR,IL1DL,AVER,OLQDL,SMDDL,RIBL
URYDR,15,AVER,RIBR,RMDDL,DR2,SMDDL,OLQDR,AWCL,URXR,RMED,CEPDR,IL1DR,SMDVR,RMDVR,AVBL,AVEL
URYVL,22,CEPVL,AVDR,SIBVL,OLLR,URXL,AVER,RMDVR,RIAL,SIBVR,RMDDL,RID,OLQVL,OLLL,AVJR,SMDVR,AVEL,RIBL,RIH,AVBR,RIBR,IL1VL,RIS
URYVR,16,RMDDR,SMBDR,RMDVL,AVAL,ADAR,IL1VR,AVL,SMDVL,RIAR,RMDL,AVEL,RIBR,CEPVR,SIBVL,AVBL,SIBVR
VA1,7,VR8,DA2,VL8,VL7,VD1,VR7,DD1
VA10,16,VL20,VR20,VD11,VR18,DD6,VB8,VD10,VB9,VL18,VL19,AS7,DD5,VR19,VD12,AS6,VR21
VA11,15,VR20,VL20,AS8,PVNR,VB10,VL21,AS9,VR23,VR22,VL19,VD11,DD6,VR21,AS7,VD12
VA12,23,DA9,VL22,VL21,VR22,DB7,PHCR,AS11,PVCR,VA11,VR24,VD12,VL23,AVAL,AS10,VB11,LUAL,VR23,PVCL,AS8,DA8,AS9,VD13,DD6
VA2,15,VB2,VR7,VR9,SAAVL,DD1,VD1,VB1,VD2,VL7,AVAL,VL8,VA1,VL9,VR8,VA3
VA3,14,VL9,VA4,VR11,VL8,VB2,VB3,DD2,VL10,VR9,VD3,VD2,VR10,VL11,DD1
VA4,12,VR13,VL12,VB4,VL13,VB3,VD4,AVAR,VR11,AVER,VR12,AVDL,DD2
VA5,10,VR14,VA6,VD5,VB4,VR13,DD2,DD3,VL13,VR12,VL12
VA6,16,VL13,VA5,VR13,AVAR,VR15,VB5,VD5,VD6,VB4,VL15,VL14,DD3,VR12,VR14,AS2,AS1
VA7,14,VD6,VR14,VD7,VR15,VR16,VL14,DD4,VL16,VL15,AS3,VB6,AS1,AS2,DD3
VA8,17,VL17,AS4,VL18,VR17,VL16,DD5,AS2,VR18,VD8,DD4,VD7,VR15,VD9,AS5,AS3,VR16,VB6
VA9,16,VL18,VB8,VR18,DD6,VD9,VB7,VL17,VD10,AS6,AS7,VR17,DD4,VL19,DD5,VD11,VR19
VB1,16,SAADL,VR7,VL7,SMBVL,VD1,RIML,ADAL,VA3,VA1,VA2,AIBR,VD2,VR9,VA4,RMFL,DD1
VB10,11,VD12,VL21,VR22,VA11,VL22,VL20,DD6,VR20,VD11,VR21,PVT
VB11,13,VD12,DD6,VA12,VR21,VL22,VR23,VL23,PVWL,VD13,VR22,PVWR,VL21,PVCR
VB2,15,AVEL,VA3,VD2,VR10,VL8,VL11,DD1,VL10,VR11,VL9,VR8,VD3,VA2,VC2,DD2
VB3,13,VL13,VL10,VR13,VR12,DD2,VR10,VR11,VL12,VA5,VD3,VL11,VD4,VA4
VB4,13,VD5,VL12,VR12,VB5,VA5,VD4,DD3,VR13,AVG,VL13,VR14,DD2,VA4
VB5,10,DD3,VA6,VD6,VR14,VR15,VL12,VL14,VR13,VL15,VL13
VB6,11,VL15,VA7,VL16,PVNR,DD4,VR15,VD7,VA8,VR16,VR14,VD6
VB7,11,VR17,DD5,VL18,VL17,VR16,VL16,VA9,VA10,VD8,VR18,VD9
VB8,11,VL18,VD9,VD10,VL20,VL19,VR19,VR20,VR18,DD5,VA11,DD6
VB9,11,VA11,VL19,DD6,DD5,VL21,VR20,VR19,VD10,VR21,VL20,VD11
VC1,20,VC3,AVFL,PVPR,VR12,VL9,DD3,VD3,DD1,VD5,VL11,VL7,DD2,VD4,PVT,VC2,VD1,VD2,DVC,VD6,AVL
VC2,26,VL11,PVPR,VL9,DVC,PVT,VL8,DD3,VR11,VR12,VD6,VD5,VR9,VD4,PVCL,VR13,VR8,VL14,VC1,VD2,VL13,DD2,VC3,DD1,DB4,VD1,PVQR
VC3,32,PVPR,PVQR,AVBL,VC2,VL14,VL15,VL11,VD3,VD1,DD1,VL12,PVT,VD4,VD6,VR11,VL16,SABVL,VB4,VB2,DD2,VD5,VL13,VR15,VR13,AVJL,VC1,VD7,DD3,VD2,AVL,HSNR,PVNR
VC4,10,AVHR,VM2PR,VL16,VC3,VR16,VM2AL,VM2AR,VM2PL,AVBR,VC5
VC5,16,PVT,AVFL,DVC,HSNR,VM2PR,VL16,VC4,VC5,VM2AL,VM2PL,PVR,VL15,HSNL,VM2AR,AVFR,VC5
VC6,8,PVNR,AVL,VL17,AVG,DD6,VR17,VD11,VD12
VD1,4,VL8,SAAVL,VB1,VL7
VD10,7,VL19,VL20,VL18,VA10,VR21,VR19,VR20
VD11,8,VR21,VL21,PVT,VR22,VL20,VR20,DD6,VL19
VD12,7,VL21,VR22,VR23,VL22,VR21,VL20,DD6
VD13,9,VR24,VR22,PVWL,VL21,DD6,VD12,VR23,VL23,VL22
VD2,8,AS1,VL8,VR8,VL9,VL7,VR7,VR9,AVEL
VD3,6,VR11,VL11,DD1,VR10,VL10,VB3
VD4,7,VR12,VB3,VA4,VL13,VR11,VR13,VL12
VD5,8,VL14,VB1,VR13,VR12,VL12,VA6,VL13,SAAVL
VD6,8,VL15,VR14,VL13,VL16,PVNR,VR13,VR15,VL14
VD7,9,VL16,VB7,VB6,VR15,VL15,VA7,VL14,VR16,VR14
VD8,8,VL17,VL16,VR17,VR16,VB7,VA9,VR18,VL15
VD9,8,VL18,VL17,VR19,VR18,VL19,VA9,VR20,VB8
